ML_Test,RMSE,,
KNN_1,142.6480289,,
KNN_5,121.6807394,,
KNN_7,117.027,,